record_id,company_id,billing_month,usage_m3,prev_reading,cur_reading,billed_amount_krw,anomaly,file_format,file_name
동성로카페_2024-01_상하수도요금고지서,S001,2024-01,8,1121,1129,11280,False,pdf,동성로카페_2024-01_상하수도요금고지서.pdf
동성로카페_2024-02_상하수도요금고지서,S001,2024-02,8,1129,1137,11280,False,jpg,동성로카페_2024-02_상하수도요금고지서.jpg
동성로카페_2024-03_상하수도요금고지서,S001,2024-03,9,1137,1146,12690,False,png,동성로카페_2024-03_상하수도요금고지서.png
동성로카페_2024-04_상하수도요금고지서,S001,2024-04,9,1146,1155,12690,False,pdf,동성로카페_2024-04_상하수도요금고지서.pdf
동성로카페_2024-05_상하수도요금고지서,S001,2024-05,10,1155,1165,14100,False,jpg,동성로카페_2024-05_상하수도요금고지서.jpg
동성로카페_2024-06_상하수도요금고지서,S001,2024-06,10,1165,1175,14100,False,png,동성로카페_2024-06_상하수도요금고지서.png
동성로카페_2024-07_상하수도요금고지서,S001,2024-07,9,1175,1184,12690,False,pdf,동성로카페_2024-07_상하수도요금고지서.pdf
동성로카페_2024-08_상하수도요금고지서,S001,2024-08,9,1184,1193,12690,False,jpg,동성로카페_2024-08_상하수도요금고지서.jpg
동성로카페_2024-09_상하수도요금고지서,S001,2024-09,8,1193,1201,11280,False,png,동성로카페_2024-09_상하수도요금고지서.png
동성로카페_2024-10_상하수도요금고지서,S001,2024-10,9,1201,1210,12690,False,pdf,동성로카페_2024-10_상하수도요금고지서.pdf
동성로카페_2024-11_상하수도요금고지서,S001,2024-11,8,1210,1218,11280,False,jpg,동성로카페_2024-11_상하수도요금고지서.jpg
동성로카페_2024-12_상하수도요금고지서,S001,2024-12,10,1218,1228,14100,False,png,동성로카페_2024-12_상하수도요금고지서.png
동성로카페_2025-01_상하수도요금고지서,S001,2025-01,9,1228,1237,12690,False,pdf,동성로카페_2025-01_상하수도요금고지서.pdf
동성로카페_2025-02_상하수도요금고지서,S001,2025-02,8,1237,1245,11280,False,jpg,동성로카페_2025-02_상하수도요금고지서.jpg
동성로카페_2025-03_상하수도요금고지서,S001,2025-03,9,1245,1254,12690,False,png,동성로카페_2025-03_상하수도요금고지서.png
동성로카페_2025-04_상하수도요금고지서,S001,2025-04,9,1254,1263,12690,False,pdf,동성로카페_2025-04_상하수도요금고지서.pdf
동성로카페_2025-05_상하수도요금고지서,S001,2025-05,10,1263,1273,14100,False,jpg,동성로카페_2025-05_상하수도요금고지서.jpg
동성로카페_2025-06_상하수도요금고지서,S001,2025-06,11,1273,1284,15510,False,png,동성로카페_2025-06_상하수도요금고지서.png
동성로카페_2025-07_상하수도요금고지서,S001,2025-07,35,1284,1319,49350,True,pdf,동성로카페_2025-07_상하수도요금고지서.pdf
동성로카페_2025-08_상하수도요금고지서,S001,2025-08,9,1319,1328,12690,False,jpg,동성로카페_2025-08_상하수도요금고지서.jpg
동성로카페_2025-09_상하수도요금고지서,S001,2025-09,8,1328,1336,11280,False,png,동성로카페_2025-09_상하수도요금고지서.png
동성로카페_2025-10_상하수도요금고지서,S001,2025-10,9,1336,1345,12690,False,pdf,동성로카페_2025-10_상하수도요금고지서.pdf
동성로카페_2025-11_상하수도요금고지서,S001,2025-11,9,1345,1354,12690,False,jpg,동성로카페_2025-11_상하수도요금고지서.jpg
동성로카페_2025-12_상하수도요금고지서,S001,2025-12,10,1354,1364,14100,False,png,동성로카페_2025-12_상하수도요금고지서.png
동성로카페_2026-01_상하수도요금고지서,S001,2026-01,9,1364,1373,12690,False,pdf,동성로카페_2026-01_상하수도요금고지서.pdf
동성로카페_2026-02_상하수도요금고지서,S001,2026-02,8,1373,1381,11280,False,jpg,동성로카페_2026-02_상하수도요금고지서.jpg
동성로카페_2026-03_상하수도요금고지서,S001,2026-03,9,1381,1390,12690,False,png,동성로카페_2026-03_상하수도요금고지서.png
동성로카페_2026-04_상하수도요금고지서,S001,2026-04,9,1390,1399,12690,False,pdf,동성로카페_2026-04_상하수도요금고지서.pdf
동성로카페_2026-05_상하수도요금고지서,S001,2026-05,10,1399,1409,14100,False,jpg,동성로카페_2026-05_상하수도요금고지서.jpg
동성로카페_2026-06_상하수도요금고지서,S001,2026-06,10,1409,1419,14100,False,png,동성로카페_2026-06_상하수도요금고지서.png
동성로카페_2026-07_상하수도요금고지서,S001,2026-07,10,1419,1429,14100,False,pdf,동성로카페_2026-07_상하수도요금고지서.pdf
동성로카페_2026-08_상하수도요금고지서,S001,2026-08,11,1429,1440,15510,False,jpg,동성로카페_2026-08_상하수도요금고지서.jpg
