file,doc_type,year_month,issue_date,supplier,item,quantity,unit,supply_amount_krw,is_estimated,scenario
○○정밀_2026-01-08_세금계산서_경유.pdf,세금계산서(경유),2026-01,2026-01-08,구미석유,지게차경유,203,,287760,False,정상
○○정밀_2026-01-22_세금계산서_경유.pdf,세금계산서(경유),2026-01,2026-01-22,왕산주유소,배송차량경유,258,,366240,False,정상
○○정밀_2026-01_도시가스요금고지서.pdf,도시가스요금고지서,2026-01,2026-01-31,도시가스,도시가스,1550,m3,1364000,False,정상
○○정밀_2026-01_전기요금고지서.pdf,전기요금고지서,2026-01,2026-01-31,한국전력공사,전기요금 (산업용 을),22800,kWh,3762000,False,정상
○○정밀_2026-02-08_세금계산서_경유.pdf,세금계산서(경유),2026-02,2026-02-08,구미석유,유류대금,,,269280,False,HITL-연료애매
○○정밀_2026-02-22_세금계산서_경유.pdf,세금계산서(경유),2026-02,2026-02-22,왕산주유소,배송차량경유,237,,342720,False,정상
○○정밀_2026-02_도시가스요금고지서.pdf,도시가스요금고지서,2026-02,2026-02-28,도시가스,도시가스,1438,m3,1265000,False,정상
○○정밀_2026-02_전기요금고지서.pdf,전기요금고지서,2026-02,2026-02-28,한국전력공사,전기요금 (산업용 을),21200,kWh,3498000,False,정상
○○정밀_2026-03-08_세금계산서_경유.pdf,세금계산서(경유),2026-03,2026-03-08,구미석유,지게차경유,183,,259160,False,정상
○○정밀_2026-03-22_세금계산서_경유.pdf,세금계산서(경유),2026-03,2026-03-22,왕산주유소,배송차량경유,233,,329840,False,정상
(파일 없음),도시가스요금고지서,2026-03,,대성에너지,,,m3,,False,데이터 결손
○○정밀_2026-03_전기요금고지서.pdf,전기요금고지서,2026-03,2026-03-31,한국전력공사,전기요금 (산업용 을),23733,kWh,3916000,False,정상
○○정밀_2026-04-08_세금계산서_경유.pdf,세금계산서(경유),2026-04,2026-04-08,구미석유,지게차경유,192,,264440,False,정상
○○정밀_2026-04-22_세금계산서_경유.pdf,세금계산서(경유),2026-04,2026-04-22,왕산주유소,배송차량경유,245,,336560,False,정상
(파일 없음),도시가스요금고지서,2026-04,,대성에너지,,,m3,,False,데이터 결손
○○정밀_2026-04_전기요금고지서.pdf,전기요금고지서,2026-04,2026-04-30,한국전력공사,전기요금 (산업용 을),21400,kWh,3531000,False,정상
○○정밀_2026-05-08_세금계산서_경유.pdf,세금계산서(경유),2026-05,2026-05-08,구미석유,지게차경유,202,,276320,False,정상
○○정밀_2026-05-22_세금계산서_경유.pdf,세금계산서(경유),2026-05,2026-05-22,왕산주유소,배송차량경유,257,,351680,False,정상
(파일 없음),도시가스요금고지서,2026-05,,대성에너지,,,m3,,False,데이터 결손
○○정밀_2026-05_전기요금고지서.pdf,전기요금고지서,2026-05,2026-05-31,한국전력공사,전기요금 (산업용 을),22600,kWh,3729000,False,정상
○○정밀_2026-06-08_세금계산서_경유.pdf,세금계산서(경유),2026-06,2026-06-08,구미석유,지게차경유,207,,282920,False,정상
○○정밀_2026-06-22_세금계산서_경유.pdf,세금계산서(경유),2026-06,2026-06-22,왕산주유소,배송차량경유,263,,360080,False,정상
○○정밀_2026-06_도시가스요금고지서.pdf,도시가스요금고지서,2026-06,2026-06-30,도시가스,도시가스,600,m3,528000,False,정상
○○정밀_2026-06_전기요금고지서.pdf,전기요금고지서,2026-06,2026-06-30,한국전력공사,전기요금 (산업용 을),24733,kWh,4081000,False,정상
○○정밀_2026-07-08_세금계산서_경유.pdf,세금계산서(경유),2026-07,2026-07-08,구미석유,지게차경유-일시대량구매,2421,,3369600,False,이상치(사장확인대기)
○○정밀_2026-07-22_세금계산서_경유.pdf,세금계산서(경유),2026-07,2026-07-22,왕산주유소,배송차량경유,683,,950400,False,정상
○○정밀_2026-07_도시가스요금고지서.pdf,도시가스요금고지서,2026-07,2026-07-31,도시가스,도시가스,488,m3,429000,False,정상
○○정밀_2026-07_전기요금고지서.pdf,전기요금고지서,2026-07,2026-07-31,한국전력공사,전기요금 (산업용 을),27467,kWh,4532000,False,정상
○○정밀_2026-08-08_세금계산서_경유.pdf,세금계산서(경유),2026-08,2026-08-08,구미석유,지게차경유,205,,286000,False,정상
○○정밀_2026-08-22_세금계산서_경유.pdf,세금계산서(경유),2026-08,2026-08-22,왕산주유소,배송차량경유,261,,364000,False,정상
○○정밀_2026-08_도시가스요금고지서.pdf,도시가스요금고지서,2026-08,2026-08-31,도시가스,도시가스,400,m3,352000,False,정상
○○정밀_2026-08_전기요금고지서.pdf,전기요금고지서,2026-08,2026-08-31,한국전력공사,전기요금 (산업용 을),,,4774000,True,HITL-추정청구(물량미확인)
○○정밀_2026-09-08_세금계산서_경유.pdf,세금계산서(경유),2026-09,2026-09-08,구미석유,지게차경유,196,,272800,False,정상
○○정밀_2026-09-22_세금계산서_경유.pdf,세금계산서(경유),2026-09,2026-09-22,왕산주유소,배송차량경유,249,,347200,False,정상
○○정밀_2026-09_도시가스요금고지서.pdf,도시가스요금고지서,2026-09,2026-09-30,도시가스,도시가스,512,m3,451000,False,정상
○○정밀_2026-09_전기요금고지서.pdf,전기요금고지서,2026-09,2026-09-30,한국전력공사,전기요금 (산업용 을),25800,kWh,4257000,False,정상
○○정밀_2026-10-08_세금계산서_경유.pdf,세금계산서(경유),2026-10,2026-10-08,구미석유,지게차경유,202,,281600,False,정상
○○정밀_2026-10-22_세금계산서_경유.pdf,세금계산서(경유),2026-10,2026-10-22,왕산주유소,배송차량경유,257,,358400,False,정상
○○정밀_2026-10_도시가스요금고지서.pdf,도시가스요금고지서,2026-10,2026-10-31,도시가스,도시가스,900,m3,792000,False,정상
○○정밀_2026-10_전기요금고지서.pdf,전기요금고지서,2026-10,2026-10-31,한국전력공사,전기요금 (산업용 을),24333,kWh,4015000,False,정상
○○정밀_2026-11-08_세금계산서_경유.pdf,세금계산서(경유),2026-11,2026-11-08,구미석유,지게차경유,197,,290400,False,정상
○○정밀_2026-11-22_세금계산서_경유.pdf,세금계산서(경유),2026-11,2026-11-22,왕산주유소,배송차량경유,251,,369600,False,정상
○○정밀_2026-11_도시가스요금고지서.pdf,도시가스요금고지서,2026-11,2026-11-30,도시가스,도시가스,1312,m3,1155000,False,정상
○○정밀_2026-11_전기요금고지서.pdf,전기요금고지서,2026-11,2026-11-30,한국전력공사,전기요금 (산업용 을),23200,kWh,3828000,False,정상
○○정밀_2026-11-12_세금계산서_설비.pdf,세금계산서(설비),2026-11,2026-11-12,대성설비,고효율인버터공조설비,1,,5000000,False,친환경설비(R031·K-택소노미)
○○정밀_2026-12-08_세금계산서_경유.pdf,세금계산서(경유),2026-12,2026-12-08,구미석유,지게차경유,198,,297000,False,정상
○○정밀_2026-12-22_세금계산서_경유.pdf,세금계산서(경유),2026-12,2026-12-22,왕산주유소,배송차량경유,252,,378000,False,정상
○○정밀_2026-12_도시가스요금고지서.pdf,도시가스요금고지서,2026-12,2026-12-31,도시가스,도시가스,1725,m3,1518000,False,정상
○○정밀_2026-12_전기요금고지서.pdf,전기요금고지서,2026-12,2026-12-31,한국전력공사,전기요금 (산업용 을),21933,kWh,3619000,False,정상
○○정밀_2026-12-15_세금계산서_용접가스.pdf,세금계산서(용접가스),2026-12,2026-12-15,구미산업가스,공장용접용가스비,,,320000,False,HITL-가스종류불명(R018)
