record_id,company_id,issue_date,supplier_name,item_name,spec,qty,unit,unit_price_krw,supply_amount_krw,vat_krw,total_krw,memo,file_format,file_name
대경부품_2025-01-08_세금계산서_경유,C002,2025-01-08,경산셀프주유소,경유,지게차용,60,L,1421,85260,8526,93786,지게차 연료,pdf,대경부품_2025-01-08_세금계산서_경유.pdf
대경부품_2025-01-22_세금계산서_휘발유,C002,2025-01-22,대경에너지,휘발유,업무차량용,28,L,1554,43512,4351,47863,업무차량 주유,jpg,대경부품_2025-01-22_세금계산서_휘발유.jpg
대경부품_2025-02-08_세금계산서_경유,C002,2025-02-08,경산셀프주유소,경유,지게차용,63,L,1449,91287,9129,100416,지게차 연료,png,대경부품_2025-02-08_세금계산서_경유.png
대경부품_2025-02-22_세금계산서_휘발유,C002,2025-02-22,대경에너지,휘발유,업무차량용,29,L,1571,45559,4556,50115,업무차량 주유,pdf,대경부품_2025-02-22_세금계산서_휘발유.pdf
대경부품_2025-03-08_세금계산서_경유,C002,2025-03-08,경산셀프주유소,경유,지게차용,58,L,1414,82012,8201,90213,지게차 연료,jpg,대경부품_2025-03-08_세금계산서_경유.jpg
대경부품_2025-03-22_세금계산서_휘발유,C002,2025-03-22,대경에너지,휘발유,업무차량용,27,L,1535,41445,4144,45589,업무차량 주유,png,대경부품_2025-03-22_세금계산서_휘발유.png
대경부품_2025-04-08_세금계산서_경유,C002,2025-04-08,경산셀프주유소,경유,지게차용,59,L,1376,81184,8118,89302,지게차 연료,pdf,대경부품_2025-04-08_세금계산서_경유.pdf
대경부품_2025-04-22_세금계산서_휘발유,C002,2025-04-22,대경에너지,휘발유,업무차량용,27,L,1497,40419,4042,44461,업무차량 주유,jpg,대경부품_2025-04-22_세금계산서_휘발유.jpg
대경부품_2025-05-08_세금계산서_경유,C002,2025-05-08,경산셀프주유소,경유,지게차용,61,L,1366,83326,8333,91659,지게차 연료,png,대경부품_2025-05-08_세금계산서_경유.png
대경부품_2025-05-22_세금계산서_휘발유,C002,2025-05-22,대경에너지,휘발유,업무차량용,28,L,1488,41664,4166,45830,업무차량 주유,pdf,대경부품_2025-05-22_세금계산서_휘발유.pdf
대경부품_2025-06-08_세금계산서_경유,C002,2025-06-08,경산셀프주유소,경유,지게차용,64,L,1369,87616,8762,96378,지게차 연료,jpg,대경부품_2025-06-08_세금계산서_경유.jpg
대경부품_2025-06-22_세금계산서_휘발유,C002,2025-06-22,대경에너지,휘발유,업무차량용,30,L,1493,44790,4479,49269,업무차량 주유,png,대경부품_2025-06-22_세금계산서_휘발유.png
대경부품_2025-07-08_세금계산서_경유,C002,2025-07-08,경산셀프주유소,경유,지게차용,65,L,1392,90480,9048,99528,지게차 연료,pdf,대경부품_2025-07-08_세금계산서_경유.pdf
대경부품_2025-07-22_세금계산서_휘발유,C002,2025-07-22,대경에너지,휘발유,업무차량용,31,L,1516,46996,4700,51696,업무차량 주유,jpg,대경부품_2025-07-22_세금계산서_휘발유.jpg
대경부품_2025-08-08_세금계산서_경유,C002,2025-08-08,경산셀프주유소,경유,지게차용,63,L,1396,87948,8795,96743,지게차 연료,png,대경부품_2025-08-08_세금계산서_경유.png
대경부품_2025-08-22_세금계산서_휘발유,C002,2025-08-22,대경에너지,휘발유,업무차량용,30,L,1514,45420,4542,49962,업무차량 주유,pdf,대경부품_2025-08-22_세금계산서_휘발유.pdf
대경부품_2025-09-08_세금계산서_경유,C002,2025-09-08,경산셀프주유소,경유,지게차용,60,L,1392,83520,8352,91872,지게차 연료,jpg,대경부품_2025-09-08_세금계산서_경유.jpg
대경부품_2025-09-22_세금계산서_휘발유,C002,2025-09-22,대경에너지,휘발유,업무차량용,28,L,1509,42252,4225,46477,업무차량 주유,png,대경부품_2025-09-22_세금계산서_휘발유.png
대경부품_2025-10-08_세금계산서_경유,C002,2025-10-08,경산셀프주유소,경유,지게차용,58,L,1397,81026,8103,89129,지게차 연료,pdf,대경부품_2025-10-08_세금계산서_경유.pdf
대경부품_2025-10-22_세금계산서_휘발유,C002,2025-10-22,대경에너지,휘발유,업무차량용,27,L,1512,40824,4082,44906,업무차량 주유,jpg,대경부품_2025-10-22_세금계산서_휘발유.jpg
대경부품_2025-11-08_세금계산서_경유,C002,2025-11-08,경산셀프주유소,경유,지게차용,59,L,1472,86848,8685,95533,지게차 연료,png,대경부품_2025-11-08_세금계산서_경유.png
대경부품_2025-11-22_세금계산서_휘발유,C002,2025-11-22,대경에너지,휘발유,업무차량용,27,L,1562,42174,4217,46391,업무차량 주유,pdf,대경부품_2025-11-22_세금계산서_휘발유.pdf
대경부품_2025-12-08_세금계산서_경유,C002,2025-12-08,경산셀프주유소,경유,지게차용,63,L,1500,94500,9450,103950,지게차 연료,jpg,대경부품_2025-12-08_세금계산서_경유.jpg
대경부품_2025-12-22_세금계산서_휘발유,C002,2025-12-22,대경에너지,휘발유,업무차량용,29,L,1582,45878,4588,50466,업무차량 주유,png,대경부품_2025-12-22_세금계산서_휘발유.png
