record_id,company_id,billing_month,usage_kwh,prev_usage_kwh,billed_amount_krw,is_estimated,due_date,file_format,file_name
반월당분식_2024-01_전기요금고지서,S002,2024-01,360,340,177768,False,2024-02-25,pdf,반월당분식_2024-01_전기요금고지서.pdf
반월당분식_2024-02_전기요금고지서,S002,2024-02,350,360,175770,False,2024-03-25,jpg,반월당분식_2024-02_전기요금고지서.jpg
반월당분식_2024-03_전기요금고지서,S002,2024-03,365,350,178767,False,2024-04-25,png,반월당분식_2024-03_전기요금고지서.png
반월당분식_2024-04_전기요금고지서,S002,2024-04,375,365,180765,False,2024-05-25,pdf,반월당분식_2024-04_전기요금고지서.pdf
반월당분식_2024-05_전기요금고지서,S002,2024-05,390,375,183762,False,2024-06-25,jpg,반월당분식_2024-05_전기요금고지서.jpg
반월당분식_2024-06_전기요금고지서,S002,2024-06,410,390,187758,False,2024-07-25,png,반월당분식_2024-06_전기요금고지서.png
반월당분식_2024-07_전기요금고지서,S002,2024-07,440,410,193752,False,2024-08-25,pdf,반월당분식_2024-07_전기요금고지서.pdf
반월당분식_2024-08_전기요금고지서,S002,2024-08,460,440,197748,False,2024-09-25,jpg,반월당분식_2024-08_전기요금고지서.jpg
반월당분식_2024-09_전기요금고지서,S002,2024-09,400,460,185760,False,2024-10-25,png,반월당분식_2024-09_전기요금고지서.png
반월당분식_2024-10_전기요금고지서,S002,2024-10,380,400,181764,False,2024-11-25,pdf,반월당분식_2024-10_전기요금고지서.pdf
반월당분식_2024-11_전기요금고지서,S002,2024-11,370,380,179766,False,2024-12-25,jpg,반월당분식_2024-11_전기요금고지서.jpg
반월당분식_2024-12_전기요금고지서,S002,2024-12,395,370,184761,False,2025-01-25,png,반월당분식_2024-12_전기요금고지서.png
반월당분식_2025-01_전기요금고지서,S002,2025-01,369,395,179566,False,2025-02-25,pdf,반월당분식_2025-01_전기요금고지서.pdf
반월당분식_2025-02_전기요금고지서,S002,2025-02,359,369,177568,False,2025-03-25,jpg,반월당분식_2025-02_전기요금고지서.jpg
반월당분식_2025-03_전기요금고지서,S002,2025-03,374,359,180565,False,2025-04-25,png,반월당분식_2025-03_전기요금고지서.png
반월당분식_2025-04_전기요금고지서,S002,2025-04,384,374,182563,False,2025-05-25,pdf,반월당분식_2025-04_전기요금고지서.pdf
반월당분식_2025-05_전기요금고지서,S002,2025-05,400,384,185760,False,2025-06-25,jpg,반월당분식_2025-05_전기요금고지서.jpg
반월당분식_2025-06_전기요금고지서,S002,2025-06,420,400,189756,False,2025-07-25,png,반월당분식_2025-06_전기요금고지서.png
반월당분식_2025-07_전기요금고지서,S002,2025-07,451,420,195950,False,2025-08-25,pdf,반월당분식_2025-07_전기요금고지서.pdf
반월당분식_2025-08_전기요금고지서,S002,2025-08,472,451,200146,False,2025-09-25,jpg,반월당분식_2025-08_전기요금고지서.jpg
반월당분식_2025-09_전기요금고지서,S002,2025-09,410,472,187758,False,2025-10-25,png,반월당분식_2025-09_전기요금고지서.png
반월당분식_2025-10_전기요금고지서,S002,2025-10,390,410,183762,False,2025-11-25,pdf,반월당분식_2025-10_전기요금고지서.pdf
반월당분식_2025-11_전기요금고지서,S002,2025-11,379,390,181564,False,2025-12-25,jpg,반월당분식_2025-11_전기요금고지서.jpg
반월당분식_2025-12_전기요금고지서,S002,2025-12,405,379,186759,False,2026-01-25,png,반월당분식_2025-12_전기요금고지서.png
반월당분식_2026-01_전기요금고지서,S002,2026-01,373,405,180365,False,2026-02-25,pdf,반월당분식_2026-01_전기요금고지서.pdf
반월당분식_2026-02_전기요금고지서,S002,2026-02,363,373,178367,False,2026-03-25,jpg,반월당분식_2026-02_전기요금고지서.jpg
반월당분식_2026-03_전기요금고지서,S002,2026-03,378,363,181364,False,2026-04-25,png,반월당분식_2026-03_전기요금고지서.png
반월당분식_2026-04_전기요금고지서,S002,2026-04,388,378,183362,False,2026-05-25,pdf,반월당분식_2026-04_전기요금고지서.pdf
반월당분식_2026-05_전기요금고지서,S002,2026-05,404,388,186559,False,2026-06-25,jpg,반월당분식_2026-05_전기요금고지서.jpg
반월당분식_2026-06_전기요금고지서,S002,2026-06,424,404,190555,False,2026-07-25,png,반월당분식_2026-06_전기요금고지서.png
반월당분식_2026-07_전기요금고지서,S002,2026-07,456,424,196949,False,2026-08-25,pdf,반월당분식_2026-07_전기요금고지서.pdf
반월당분식_2026-08_전기요금고지서,S002,2026-08,477,456,201145,False,2026-09-25,jpg,반월당분식_2026-08_전기요금고지서.jpg
