year_month,usage_kwh,prior_year_same_month_kwh,yoy_reduction_pct,yoy_eligible_5pct,avg_prior_2yr_kwh,reduction_vs_2yr_avg_pct,avg2yr_eligible_5pct,note
2024-01,3600,,,,,,,전기(Scope2) 사용량 — 연 약 4% 감축, 목표 진행 중(미달성) 데모용
2024-02,3550,,,,,,,전기(Scope2) 사용량 — 연 약 4% 감축, 목표 진행 중(미달성) 데모용
2024-03,3520,,,,,,,전기(Scope2) 사용량 — 연 약 4% 감축, 목표 진행 중(미달성) 데모용
2024-04,3500,,,,,,,전기(Scope2) 사용량 — 연 약 4% 감축, 목표 진행 중(미달성) 데모용
2024-05,3560,,,,,,,전기(Scope2) 사용량 — 연 약 4% 감축, 목표 진행 중(미달성) 데모용
2024-06,3650,,,,,,,전기(Scope2) 사용량 — 연 약 4% 감축, 목표 진행 중(미달성) 데모용
2024-07,3750,,,,,,,전기(Scope2) 사용량 — 연 약 4% 감축, 목표 진행 중(미달성) 데모용
2024-08,3800,,,,,,,전기(Scope2) 사용량 — 연 약 4% 감축, 목표 진행 중(미달성) 데모용
2024-09,3700,,,,,,,전기(Scope2) 사용량 — 연 약 4% 감축, 목표 진행 중(미달성) 데모용
2024-10,3600,,,,,,,전기(Scope2) 사용량 — 연 약 4% 감축, 목표 진행 중(미달성) 데모용
2024-11,3560,,,,,,,전기(Scope2) 사용량 — 연 약 4% 감축, 목표 진행 중(미달성) 데모용
2024-12,3600,,,,,,,전기(Scope2) 사용량 — 연 약 4% 감축, 목표 진행 중(미달성) 데모용
2025-01,3455,3600,4.03,False,,,,전기(Scope2) 사용량 — 연 약 4% 감축, 목표 진행 중(미달성) 데모용
2025-02,3410,3550,3.94,False,,,,전기(Scope2) 사용량 — 연 약 4% 감축, 목표 진행 중(미달성) 데모용
2025-03,3380,3520,3.98,False,,,,전기(Scope2) 사용량 — 연 약 4% 감축, 목표 진행 중(미달성) 데모용
2025-04,3360,3500,4,False,,,,전기(Scope2) 사용량 — 연 약 4% 감축, 목표 진행 중(미달성) 데모용
2025-05,3420,3560,3.93,False,,,,전기(Scope2) 사용량 — 연 약 4% 감축, 목표 진행 중(미달성) 데모용
2025-06,3505,3650,3.97,False,,,,전기(Scope2) 사용량 — 연 약 4% 감축, 목표 진행 중(미달성) 데모용
2025-07,3600,3750,4,False,,,,전기(Scope2) 사용량 — 연 약 4% 감축, 목표 진행 중(미달성) 데모용
2025-08,3650,3800,3.95,False,,,,전기(Scope2) 사용량 — 연 약 4% 감축, 목표 진행 중(미달성) 데모용
2025-09,3550,3700,4.05,False,,,,전기(Scope2) 사용량 — 연 약 4% 감축, 목표 진행 중(미달성) 데모용
2025-10,3455,3600,4.03,False,,,,전기(Scope2) 사용량 — 연 약 4% 감축, 목표 진행 중(미달성) 데모용
2025-11,3420,3560,3.93,False,,,,전기(Scope2) 사용량 — 연 약 4% 감축, 목표 진행 중(미달성) 데모용
2025-12,3455,3600,4.03,False,,,,전기(Scope2) 사용량 — 연 약 4% 감축, 목표 진행 중(미달성) 데모용
2026-01,3315,3455,4.05,False,3527.5,6.02,True,전기(Scope2) 사용량 — 연 약 4% 감축, 목표 진행 중(미달성) 데모용
2026-02,3275,3410,3.96,False,3480,5.89,True,전기(Scope2) 사용량 — 연 약 4% 감축, 목표 진행 중(미달성) 데모용
2026-03,3245,3380,3.99,False,3450,5.94,True,전기(Scope2) 사용량 — 연 약 4% 감축, 목표 진행 중(미달성) 데모용
2026-04,3225,3360,4.02,False,3430,5.98,True,전기(Scope2) 사용량 — 연 약 4% 감축, 목표 진행 중(미달성) 데모용
2026-05,3285,3420,3.95,False,3490,5.87,True,전기(Scope2) 사용량 — 연 약 4% 감축, 목표 진행 중(미달성) 데모용
2026-06,3365,3505,3.99,False,3577.5,5.94,True,전기(Scope2) 사용량 — 연 약 4% 감축, 목표 진행 중(미달성) 데모용
2026-07,3455,3600,4.03,False,3675,5.99,True,전기(Scope2) 사용량 — 연 약 4% 감축, 목표 진행 중(미달성) 데모용
2026-08,3505,3650,3.97,False,3725,5.91,True,전기(Scope2) 사용량 — 연 약 4% 감축, 목표 진행 중(미달성) 데모용
