company,source,year,month,item_description,supply_amount_krw,scope,category,fuel,expected_hitl
○○정밀,kepco,2024,1,공장 전기요금,3617118,2,전력사용,전기,False
○○정밀,hometax,2024,1,도시가스 요금,1428262,1,고정연소,도시가스,False
○○정밀,hometax,2024,1,화물차 경유,606820,1,이동연소,경유,False
○○정밀,kepco,2024,2,전기 사용료,3166095,2,전력사용,전기,False
○○정밀,hometax,2024,2,보일러 도시가스,1135090,1,고정연소,도시가스,False
○○정밀,hometax,2024,2,지게차 경유 외 1종,576958,1,이동연소,경유,False
○○정밀,kepco,2024,3,전기 사용료,3263655,2,전력사용,전기,False
○○정밀,hometax,2024,3,경유 외 1종,665914,1,이동연소,경유,False
○○정밀,kepco,2024,4,전기 사용료,3247023,2,전력사용,전기,False
○○정밀,hometax,2024,4,지게차 경유,637445,1,이동연소,경유,False
○○정밀,kepco,2024,5,공장 전기요금,3574983,2,전력사용,전기,False
○○정밀,hometax,2024,5,납품차량 경유 주유,690373,1,이동연소,경유,False
○○정밀,kepco,2024,6,전기요금,3666437,2,전력사용,전기,False
○○정밀,hometax,2024,6,도시가스 요금,340808,1,고정연소,도시가스,False
○○정밀,hometax,2024,6,경유,721325,1,이동연소,경유,False
○○정밀,kepco,2024,7,3월 전기요금,3165856,2,전력사용,전기,False
○○정밀,hometax,2024,7,보일러 도시가스,325156,1,고정연소,도시가스,False
○○정밀,hometax,2024,7,경유 주유비,2131779,1,이동연소,경유,False
○○정밀,kepco,2024,8,공장 전력료,3116498,2,전력사용,전기,False
○○정밀,hometax,2024,8,보일러 도시가스,363130,1,고정연소,도시가스,False
○○정밀,hometax,2024,8,경유,584292,1,이동연소,경유,False
○○정밀,kepco,2024,9,공장 전기 사용료,3776699,2,전력사용,전기,False
○○정밀,hometax,2024,9,보일러 도시가스,491628,1,고정연소,도시가스,False
○○정밀,hometax,2024,9,화물차 경유,662066,1,이동연소,경유,False
○○정밀,kepco,2024,10,공장 전기료,3138426,2,전력사용,전기,False
○○정밀,hometax,2024,10,도시가스 요금,767186,1,고정연소,도시가스,False
○○정밀,hometax,2024,10,경유 주유비,705429,1,이동연소,경유,False
○○정밀,kepco,2024,11,전력 사용료,3164841,2,전력사용,전기,False
○○정밀,hometax,2024,11,보일러 도시가스,1067923,1,고정연소,도시가스,False
○○정밀,hometax,2024,11,경유,597374,1,이동연소,경유,False
○○정밀,kepco,2024,12,전력 사용료,3255985,2,전력사용,전기,False
○○정밀,hometax,2024,12,도시가스,1415389,1,고정연소,도시가스,False
○○정밀,hometax,2024,12,경유 외 1종,673093,1,이동연소,경유,False
대성표면처리,kepco,2024,1,4월 전력 사용료,4367273,2,전력사용,전기,False
대성표면처리,hometax,2024,1,도시가스,1783771,1,고정연소,도시가스,False
대성표면처리,hometax,2024,1,경유 주유비,828779,1,이동연소,경유,False
대성표면처리,kepco,2024,2,4월 전력 사용료,4831306,2,전력사용,전기,False
대성표면처리,hometax,2024,2,도시가스,1955896,1,고정연소,도시가스,False
대성표면처리,hometax,2024,2,지게차 경유,999207,1,이동연소,경유,False
대성표면처리,kepco,2024,3,전기료,4564162,2,전력사용,전기,False
대성표면처리,hometax,2024,3,보일러 도시가스,1473049,1,고정연소,도시가스,False
대성표면처리,hometax,2024,3,경유 외 1종,886422,1,이동연소,경유,False
대성표면처리,kepco,2024,4,전기 사용료,4541330,2,전력사용,전기,False
대성표면처리,hometax,2024,4,도시가스,988797,1,고정연소,도시가스,False
대성표면처리,hometax,2024,4,경유 외 1종,834835,1,이동연소,경유,False
대성표면처리,kepco,2024,5,전기료,4458454,2,전력사용,전기,False
대성표면처리,hometax,2024,5,보일러 도시가스,841814,1,고정연소,도시가스,False
대성표면처리,hometax,2024,5,지게차 경유 외 1종,849440,1,이동연소,경유,False
대성표면처리,kepco,2024,6,전력 사용료,5485068,2,전력사용,전기,False
대성표면처리,hometax,2024,6,도시가스,471967,1,고정연소,도시가스,False
대성표면처리,hometax,2024,6,경유 외 1종,897893,1,이동연소,경유,False
대성표면처리,kepco,2024,7,전기 사용료,5396264,2,전력사용,전기,False
대성표면처리,hometax,2024,7,도시가스 요금,527353,1,고정연소,도시가스,False
대성표면처리,hometax,2024,7,경유,857489,1,이동연소,경유,False
대성표면처리,kepco,2024,8,공장 전기요금,5363088,2,전력사용,전기,False
대성표면처리,hometax,2024,8,도시가스,517956,1,고정연소,도시가스,False
대성표면처리,hometax,2024,8,납품차량 경유 주유,988243,1,이동연소,경유,False
대성표면처리,kepco,2024,9,공장 전기료,5247369,2,전력사용,전기,False
대성표면처리,hometax,2024,9,도시가스 요금,637520,1,고정연소,도시가스,False
대성표면처리,hometax,2024,9,경유 외 1종,963405,1,이동연소,경유,False
대성표면처리,kepco,2024,10,공장 전기요금,4805357,2,전력사용,전기,False
대성표면처리,hometax,2024,10,도시가스,973900,1,고정연소,도시가스,False
대성표면처리,hometax,2024,10,지게차 경유,976631,1,이동연소,경유,False
대성표면처리,kepco,2024,11,4월 전력 사용료,5266359,2,전력사용,전기,False
대성표면처리,hometax,2024,11,보일러 도시가스,1653244,1,고정연소,도시가스,False
대성표면처리,hometax,2024,11,지게차 경유 외 1종,841259,1,이동연소,경유,False
대성표면처리,kepco,2024,12,전기료,5129399,2,전력사용,전기,False
대성표면처리,hometax,2024,12,도시가스 요금,1837925,1,고정연소,도시가스,False
대성표면처리,hometax,2024,12,납품차량 경유 주유,972501,1,이동연소,경유,False
구미정공,kepco,2024,1,전력 사용료,2494158,2,전력사용,전기,False
구미정공,hometax,2024,1,보일러 도시가스,916221,1,고정연소,도시가스,False
구미정공,hometax,2024,1,경유 외 1종,485127,1,이동연소,경유,False
구미정공,kepco,2024,2,3월 전기요금,2171699,2,전력사용,전기,False
구미정공,hometax,2024,2,보일러 도시가스,893323,1,고정연소,도시가스,False
구미정공,hometax,2024,2,지게차 경유 외 1종,485151,1,이동연소,경유,False
구미정공,kepco,2024,3,전력 사용료,2519003,2,전력사용,전기,False
구미정공,hometax,2024,3,보일러 도시가스,742116,1,고정연소,도시가스,False
구미정공,hometax,2024,3,경유 외 1종,455363,1,이동연소,경유,False
구미정공,kepco,2024,4,전기요금,2260626,2,전력사용,전기,False
구미정공,hometax,2024,4,도시가스,475443,1,고정연소,도시가스,False
구미정공,hometax,2024,4,화물차 경유,421427,1,이동연소,경유,False
구미정공,kepco,2024,5,공장 전기요금,2192016,2,전력사용,전기,False
구미정공,hometax,2024,5,보일러 도시가스,405693,1,고정연소,도시가스,False
구미정공,hometax,2024,5,지게차 경유,460663,1,이동연소,경유,False
구미정공,kepco,2024,6,전기료,2614693,2,전력사용,전기,False
구미정공,hometax,2024,6,도시가스,274971,1,고정연소,도시가스,False
구미정공,hometax,2024,6,지게차 경유,452932,1,이동연소,경유,False
구미정공,kepco,2024,7,공장 전력료,2208865,2,전력사용,전기,False
구미정공,hometax,2024,7,보일러 도시가스,239561,1,고정연소,도시가스,False
구미정공,hometax,2024,7,경유 외 1종,416259,1,이동연소,경유,False
구미정공,kepco,2024,8,공장 전기요금,2555352,2,전력사용,전기,False
구미정공,hometax,2024,8,도시가스,245113,1,고정연소,도시가스,False
구미정공,hometax,2024,8,지게차 경유,482434,1,이동연소,경유,False
구미정공,kepco,2024,9,4월 전력 사용료,2618052,2,전력사용,전기,False
구미정공,hometax,2024,9,도시가스 요금,352605,1,고정연소,도시가스,False
구미정공,hometax,2024,9,경유 주유비,438267,1,이동연소,경유,False
구미정공,kepco,2024,10,공장 전기료,2722764,2,전력사용,전기,False
구미정공,hometax,2024,10,보일러 도시가스,564364,1,고정연소,도시가스,False
구미정공,hometax,2024,10,납품차량 경유 주유,453430,1,이동연소,경유,False
구미정공,kepco,2024,11,4월 전력 사용료,2511828,2,전력사용,전기,False
구미정공,hometax,2024,11,도시가스,800197,1,고정연소,도시가스,False
구미정공,hometax,2024,11,지게차 경유,405081,1,이동연소,경유,False
구미정공,kepco,2024,12,전력 사용료,2444937,2,전력사용,전기,False
구미정공,hometax,2024,12,보일러 도시가스,867974,1,고정연소,도시가스,False
구미정공,hometax,2024,12,지게차 경유,438478,1,이동연소,경유,False
한빛금속,kepco,2024,1,3월 전기요금,4205270,2,전력사용,전기,False
한빛금속,hometax,2024,1,보일러 도시가스,1625314,1,고정연소,도시가스,False
한빛금속,hometax,2024,1,화물차 경유,922896,1,이동연소,경유,False
한빛금속,kepco,2024,2,전기요금,4910907,2,전력사용,전기,False
한빛금속,hometax,2024,2,도시가스 요금,1594738,1,고정연소,도시가스,False
한빛금속,hometax,2024,2,지게차 경유,904576,1,이동연소,경유,False
한빛금속,kepco,2024,3,공장 전기료,4454516,2,전력사용,전기,False
한빛금속,hometax,2024,3,도시가스 요금,1338901,1,고정연소,도시가스,False
한빛금속,hometax,2024,3,지게차 경유 외 1종,855684,1,이동연소,경유,False
한빛금속,kepco,2024,4,공장 전기료,4684316,2,전력사용,전기,False
한빛금속,hometax,2024,4,도시가스 요금,839902,1,고정연소,도시가스,False
한빛금속,hometax,2024,4,지게차 경유 외 1종,878731,1,이동연소,경유,False
한빛금속,kepco,2024,5,4월 전력 사용료,4121828,2,전력사용,전기,False
한빛금속,hometax,2024,5,도시가스,753887,1,고정연소,도시가스,False
한빛금속,hometax,2024,5,지게차 경유 외 1종,791669,1,이동연소,경유,False
한빛금속,kepco,2024,6,3월 전기요금,4151435,2,전력사용,전기,False
한빛금속,hometax,2024,6,도시가스 요금,483576,1,고정연소,도시가스,False
한빛금속,hometax,2024,6,경유 주유비,819085,1,이동연소,경유,False
한빛금속,kepco,2024,7,전기요금,4935178,2,전력사용,전기,False
한빛금속,hometax,2024,7,보일러 도시가스,450663,1,고정연소,도시가스,False
한빛금속,hometax,2024,7,화물차 경유,890455,1,이동연소,경유,False
한빛금속,kepco,2024,8,공장 전기료,4158280,2,전력사용,전기,False
한빛금속,hometax,2024,8,도시가스,424081,1,고정연소,도시가스,False
한빛금속,hometax,2024,8,지게차 경유,796408,1,이동연소,경유,False
한빛금속,kepco,2024,9,공장 전기 사용료,4140075,2,전력사용,전기,False
한빛금속,hometax,2024,9,도시가스 요금,519652,1,고정연소,도시가스,False
한빛금속,hometax,2024,9,화물차 경유,830981,1,이동연소,경유,False
한빛금속,kepco,2024,10,공장 전기요금,4107858,2,전력사용,전기,False
한빛금속,hometax,2024,10,도시가스,975910,1,고정연소,도시가스,False
한빛금속,hometax,2024,10,화물차 경유,783730,1,이동연소,경유,False
한빛금속,kepco,2024,11,전력 사용료,4930030,2,전력사용,전기,False
한빛금속,hometax,2024,11,보일러 도시가스,1409053,1,고정연소,도시가스,False
한빛금속,hometax,2024,11,화물차 경유,864927,1,이동연소,경유,False
한빛금속,kepco,2024,12,4월 전력 사용료,4012712,2,전력사용,전기,False
한빛금속,hometax,2024,12,도시가스,1864510,1,고정연소,도시가스,False
한빛금속,hometax,2024,12,경유,761669,1,이동연소,경유,False
성진열처리,kepco,2024,1,전기 사용료,6583331,2,전력사용,전기,False
성진열처리,hometax,2024,1,도시가스 요금,2188475,1,고정연소,도시가스,False
성진열처리,hometax,2024,1,경유,977432,1,이동연소,경유,False
성진열처리,kepco,2024,2,전력 사용료,5513544,2,전력사용,전기,False
성진열처리,hometax,2024,2,도시가스,2277510,1,고정연소,도시가스,False
성진열처리,hometax,2024,2,경유,1001010,1,이동연소,경유,False
성진열처리,kepco,2024,3,공장 전력료,6205173,2,전력사용,전기,False
성진열처리,hometax,2024,3,보일러 도시가스,1834983,1,고정연소,도시가스,False
성진열처리,hometax,2024,3,납품차량 경유 주유,1110909,1,이동연소,경유,False
성진열처리,kepco,2024,4,3월 전기요금,6380357,2,전력사용,전기,False
성진열처리,hometax,2024,4,보일러 도시가스,1260621,1,고정연소,도시가스,False
성진열처리,hometax,2024,4,화물차 경유,1178076,1,이동연소,경유,False
성진열처리,kepco,2024,5,전력 사용료,6425930,2,전력사용,전기,False
성진열처리,hometax,2024,5,도시가스,832321,1,고정연소,도시가스,False
성진열처리,hometax,2024,5,경유,1057224,1,이동연소,경유,False
성진열처리,kepco,2024,6,전기료,6553086,2,전력사용,전기,False
성진열처리,hometax,2024,6,도시가스,645306,1,고정연소,도시가스,False
성진열처리,hometax,2024,6,경유,1023071,1,이동연소,경유,False
성진열처리,kepco,2024,7,공장 전력료,6277574,2,전력사용,전기,False
성진열처리,hometax,2024,7,보일러 도시가스,580154,1,고정연소,도시가스,False
성진열처리,hometax,2024,7,지게차 경유 외 1종,1038822,1,이동연소,경유,False
성진열처리,kepco,2024,8,공장 전력료,5592744,2,전력사용,전기,False
성진열처리,hometax,2024,8,보일러 도시가스,644574,1,고정연소,도시가스,False
성진열처리,hometax,2024,8,경유 외 1종,1035183,1,이동연소,경유,False
성진열처리,kepco,2024,9,전기 사용료,6237679,2,전력사용,전기,False
성진열처리,hometax,2024,9,보일러 도시가스,676366,1,고정연소,도시가스,False
성진열처리,hometax,2024,9,지게차 경유,1019661,1,이동연소,경유,False
성진열처리,kepco,2024,10,공장 전기 사용료,5843635,2,전력사용,전기,False
성진열처리,hometax,2024,10,도시가스,1261895,1,고정연소,도시가스,False
성진열처리,hometax,2024,10,지게차 경유 외 1종,1227336,1,이동연소,경유,False
성진열처리,kepco,2024,11,전력 사용료,5292806,2,전력사용,전기,False
성진열처리,hometax,2024,11,도시가스,1888280,1,고정연소,도시가스,False
성진열처리,hometax,2024,11,경유,1021537,1,이동연소,경유,False
성진열처리,kepco,2024,12,전기료,6568821,2,전력사용,전기,False
성진열처리,hometax,2024,12,도시가스,2499585,1,고정연소,도시가스,False
성진열처리,hometax,2024,12,화물차 경유,1084155,1,이동연소,경유,False
동양기계공업,kepco,2024,1,전력 사용료,3126077,2,전력사용,전기,False
동양기계공업,hometax,2024,1,보일러 도시가스,1338343,1,고정연소,도시가스,False
동양기계공업,hometax,2024,1,납품차량 경유 주유,537049,1,이동연소,경유,False
동양기계공업,kepco,2024,2,공장 전력료,2889677,2,전력사용,전기,False
동양기계공업,hometax,2024,2,도시가스,1173656,1,고정연소,도시가스,False
동양기계공업,hometax,2024,2,납품차량 경유 주유,593177,1,이동연소,경유,False
동양기계공업,kepco,2024,3,전기 사용료,3080467,2,전력사용,전기,False
동양기계공업,hometax,2024,3,도시가스 요금,976538,1,고정연소,도시가스,False
동양기계공업,hometax,2024,3,경유,540441,1,이동연소,경유,False
동양기계공업,kepco,2024,4,공장 전기요금,3142709,2,전력사용,전기,False
동양기계공업,hometax,2024,4,도시가스,672595,1,고정연소,도시가스,False
동양기계공업,hometax,2024,4,경유 주유비,649973,1,이동연소,경유,False
동양기계공업,kepco,2024,5,전기료,3061354,2,전력사용,전기,False
동양기계공업,hometax,2024,5,도시가스 요금,470797,1,고정연소,도시가스,False
동양기계공업,hometax,2024,5,지게차 경유 외 1종,612668,1,이동연소,경유,False
동양기계공업,kepco,2024,6,전기요금,3361061,2,전력사용,전기,False
동양기계공업,hometax,2024,6,도시가스,295088,1,고정연소,도시가스,False
동양기계공업,hometax,2024,6,경유 주유비,575949,1,이동연소,경유,False
동양기계공업,kepco,2024,7,공장 전기료,3265369,2,전력사용,전기,False
동양기계공업,hometax,2024,7,도시가스,286903,1,고정연소,도시가스,False
동양기계공업,hometax,2024,7,경유,562538,1,이동연소,경유,False
동양기계공업,kepco,2024,8,전기료,3369512,2,전력사용,전기,False
동양기계공업,hometax,2024,8,도시가스,351171,1,고정연소,도시가스,False
동양기계공업,hometax,2024,8,납품차량 경유 주유,607580,1,이동연소,경유,False
동양기계공업,kepco,2024,9,전기료,3258383,2,전력사용,전기,False
동양기계공업,hometax,2024,9,도시가스,418733,1,고정연소,도시가스,False
동양기계공업,hometax,2024,9,지게차 경유 외 1종,606167,1,이동연소,경유,False
동양기계공업,kepco,2024,10,공장 전기료,3002808,2,전력사용,전기,False
동양기계공업,hometax,2024,10,도시가스 요금,667803,1,고정연소,도시가스,False
동양기계공업,hometax,2024,10,경유 외 1종,606993,1,이동연소,경유,False
동양기계공업,kepco,2024,11,3월 전기요금,3143749,2,전력사용,전기,False
동양기계공업,hometax,2024,11,도시가스,894370,1,고정연소,도시가스,False
동양기계공업,hometax,2024,11,경유 주유비,621054,1,이동연소,경유,False
동양기계공업,kepco,2024,12,공장 전기요금,2961383,2,전력사용,전기,False
동양기계공업,hometax,2024,12,도시가스,1186176,1,고정연소,도시가스,False
동양기계공업,hometax,2024,12,지게차 경유,545482,1,이동연소,경유,False
우진테크,kepco,2024,1,공장 전기 사용료,4235858,2,전력사용,전기,False
우진테크,hometax,2024,1,도시가스,1356776,1,고정연소,도시가스,False
우진테크,hometax,2024,1,화물차 경유,796297,1,이동연소,경유,False
우진테크,kepco,2024,2,전기 사용료,3806057,2,전력사용,전기,False
우진테크,hometax,2024,2,도시가스 요금,1292939,1,고정연소,도시가스,False
우진테크,hometax,2024,2,경유 외 1종,688817,1,이동연소,경유,False
우진테크,kepco,2024,3,전기요금,3419319,2,전력사용,전기,False
우진테크,hometax,2024,3,도시가스,1170214,1,고정연소,도시가스,False
우진테크,hometax,2024,3,화물차 경유,723169,1,이동연소,경유,False
우진테크,kepco,2024,4,전기료,4091108,2,전력사용,전기,False
우진테크,hometax,2024,4,보일러 도시가스,858047,1,고정연소,도시가스,False
우진테크,hometax,2024,4,화물차 경유,729131,1,이동연소,경유,False
우진테크,kepco,2024,5,전기요금,3981809,2,전력사용,전기,False
우진테크,hometax,2024,5,도시가스 요금,565416,1,고정연소,도시가스,False
우진테크,hometax,2024,5,지게차 경유 외 1종,659191,1,이동연소,경유,False
우진테크,kepco,2024,6,4월 전력 사용료,3869884,2,전력사용,전기,False
우진테크,hometax,2024,6,보일러 도시가스,376717,1,고정연소,도시가스,False
우진테크,hometax,2024,6,경유 외 1종,731984,1,이동연소,경유,False
우진테크,kepco,2024,7,공장 전력료,3933904,2,전력사용,전기,False
우진테크,hometax,2024,7,보일러 도시가스,384430,1,고정연소,도시가스,False
우진테크,hometax,2024,7,납품차량 경유 주유,662057,1,이동연소,경유,False
우진테크,kepco,2024,8,4월 전력 사용료,3420939,2,전력사용,전기,False
우진테크,hometax,2024,8,보일러 도시가스,361866,1,고정연소,도시가스,False
우진테크,hometax,2024,8,경유 주유비,800623,1,이동연소,경유,False
우진테크,kepco,2024,9,3월 전기요금,3700889,2,전력사용,전기,False
우진테크,hometax,2024,9,도시가스 요금,490691,1,고정연소,도시가스,False
우진테크,hometax,2024,9,지게차 경유 외 1종,743035,1,이동연소,경유,False
우진테크,kepco,2024,10,3월 전기요금,3667495,2,전력사용,전기,False
우진테크,hometax,2024,10,도시가스 요금,733855,1,고정연소,도시가스,False
우진테크,hometax,2024,10,경유 주유비,788951,1,이동연소,경유,False
우진테크,kepco,2024,11,전기료,4025104,2,전력사용,전기,False
우진테크,hometax,2024,11,도시가스,1086932,1,고정연소,도시가스,False
우진테크,hometax,2024,11,납품차량 경유 주유,781336,1,이동연소,경유,False
우진테크,kepco,2024,12,전기료,3827462,2,전력사용,전기,False
우진테크,hometax,2024,12,보일러 도시가스,1356160,1,고정연소,도시가스,False
우진테크,hometax,2024,12,경유 외 1종,655593,1,이동연소,경유,False
삼도정밀,kepco,2024,1,공장 전기 사용료,2106437,2,전력사용,전기,False
삼도정밀,hometax,2024,1,보일러 도시가스,851831,1,고정연소,도시가스,False
삼도정밀,hometax,2024,1,납품차량 경유 주유,407528,1,이동연소,경유,False
삼도정밀,kepco,2024,2,공장 전력료,1980516,2,전력사용,전기,False
삼도정밀,hometax,2024,2,도시가스,695581,1,고정연소,도시가스,False
삼도정밀,hometax,2024,2,지게차 경유 외 1종,349770,1,이동연소,경유,False
삼도정밀,kepco,2024,3,공장 전기료,1889016,2,전력사용,전기,False
삼도정밀,hometax,2024,3,도시가스 요금,599682,1,고정연소,도시가스,False
삼도정밀,hometax,2024,3,경유 외 1종,380006,1,이동연소,경유,False
삼도정밀,kepco,2024,4,공장 전기요금,1922879,2,전력사용,전기,False
삼도정밀,hometax,2024,4,도시가스,402709,1,고정연소,도시가스,False
삼도정밀,hometax,2024,4,경유,435411,1,이동연소,경유,False
삼도정밀,kepco,2024,5,공장 전기요금,1876389,2,전력사용,전기,False
삼도정밀,hometax,2024,5,도시가스 요금,304997,1,고정연소,도시가스,False
삼도정밀,hometax,2024,5,경유 외 1종,393092,1,이동연소,경유,False
삼도정밀,kepco,2024,6,3월 전기요금,2284051,2,전력사용,전기,False
삼도정밀,hometax,2024,6,보일러 도시가스,213206,1,고정연소,도시가스,False
삼도정밀,hometax,2024,6,지게차 경유,370067,1,이동연소,경유,False
삼도정밀,kepco,2024,7,4월 전력 사용료,1922063,2,전력사용,전기,False
삼도정밀,hometax,2024,7,보일러 도시가스,211935,1,고정연소,도시가스,False
삼도정밀,hometax,2024,7,납품차량 경유 주유,364773,1,이동연소,경유,False
삼도정밀,kepco,2024,8,전력 사용료,2096657,2,전력사용,전기,False
삼도정밀,hometax,2024,8,도시가스 요금,195035,1,고정연소,도시가스,False
삼도정밀,hometax,2024,8,납품차량 경유 주유,402954,1,이동연소,경유,False
삼도정밀,kepco,2024,9,공장 전력료,2310028,2,전력사용,전기,False
삼도정밀,hometax,2024,9,도시가스 요금,278853,1,고정연소,도시가스,False
삼도정밀,hometax,2024,9,지게차 경유,393829,1,이동연소,경유,False
삼도정밀,kepco,2024,10,공장 전기 사용료,2046338,2,전력사용,전기,False
삼도정밀,hometax,2024,10,도시가스 요금,388054,1,고정연소,도시가스,False
삼도정밀,hometax,2024,10,화물차 경유,415047,1,이동연소,경유,False
삼도정밀,kepco,2024,11,4월 전력 사용료,2071534,2,전력사용,전기,False
삼도정밀,hometax,2024,11,도시가스,693417,1,고정연소,도시가스,False
삼도정밀,hometax,2024,11,경유 주유비,378272,1,이동연소,경유,False
삼도정밀,kepco,2024,12,공장 전기요금,2331732,2,전력사용,전기,False
삼도정밀,hometax,2024,12,도시가스 요금,892527,1,고정연소,도시가스,False
삼도정밀,hometax,2024,12,납품차량 경유 주유,415418,1,이동연소,경유,False
금성공업,kepco,2024,1,전기요금,5104222,2,전력사용,전기,False
금성공업,hometax,2024,1,도시가스,1798492,1,고정연소,도시가스,False
금성공업,hometax,2024,1,납품차량 경유 주유,905397,1,이동연소,경유,False
금성공업,kepco,2024,2,공장 전력료,5106568,2,전력사용,전기,False
금성공업,hometax,2024,2,도시가스 요금,2096762,1,고정연소,도시가스,False
금성공업,hometax,2024,2,지게차 경유 외 1종,942416,1,이동연소,경유,False
금성공업,kepco,2024,3,전력 사용료,4647978,2,전력사용,전기,False
금성공업,hometax,2024,3,보일러 도시가스,1350708,1,고정연소,도시가스,False
금성공업,hometax,2024,3,지게차 경유 외 1종,1039671,1,이동연소,경유,False
금성공업,kepco,2024,4,공장 전기요금,4817519,2,전력사용,전기,False
금성공업,hometax,2024,4,도시가스,1198224,1,고정연소,도시가스,False
금성공업,hometax,2024,4,경유 주유비,905081,1,이동연소,경유,False
금성공업,kepco,2024,5,3월 전기요금,5257014,2,전력사용,전기,False
금성공업,hometax,2024,5,도시가스 요금,739927,1,고정연소,도시가스,False
금성공업,hometax,2024,5,경유,969568,1,이동연소,경유,False
