doc_id,company_id,company_name,provider,document_name,collected_by,collected_status,used_for,limitation
MD001,C001,구미정밀,국세청,사업자등록증명,마이데이터,확인완료,기업 식별,탄소 사용량 정보 없음
MD002,C001,구미정밀,국세청,부가가치세과세표준증명,마이데이터,확인완료,매출 규모 확인,품목별 에너지 사용량 없음
MD003,C001,구미정밀,국세청,표준재무제표증명,마이데이터,확인완료,재무정보 확인,은행 내부 여신 데이터와 별도 연동 필요
MD004,C001,구미정밀,중소벤처기업부,중소기업확인서,마이데이터,확인완료,중소기업 여부 확인,배출량 정보 없음
MD005,C001,구미정밀,한국전력공사,전기요금 납부내역,마이데이터,확인완료,전기 자료 보조,kWh 포함 여부 확인 필요 — 탄소 계산 핵심값 아님
MD006,C002,대경부품,국세청,사업자등록증명,마이데이터,확인완료,기업 식별,탄소 사용량 정보 없음
MD007,C002,대경부품,국세청,부가가치세과세표준증명,마이데이터,확인완료,매출 규모 확인,품목별 에너지 사용량 없음
MD008,C002,대경부품,국세청,표준재무제표증명,마이데이터,확인완료,재무정보 확인,은행 내부 여신 데이터와 별도 연동 필요
MD009,C002,대경부품,중소벤처기업부,중소기업확인서,마이데이터,확인완료,중소기업 여부 확인,배출량 정보 없음
MD010,C002,대경부품,한국전력공사,전기요금 납부내역,마이데이터,확인완료,전기 자료 보조,kWh 포함 여부 확인 필요 — 탄소 계산 핵심값 아님
MD011,C003,성서테크,국세청,사업자등록증명,마이데이터,확인완료,기업 식별,탄소 사용량 정보 없음
MD012,C003,성서테크,국세청,부가가치세과세표준증명,마이데이터,확인완료,매출 규모 확인,품목별 에너지 사용량 없음
MD013,C003,성서테크,국세청,표준재무제표증명,마이데이터,확인완료,재무정보 확인,은행 내부 여신 데이터와 별도 연동 필요
MD014,C003,성서테크,중소벤처기업부,중소기업확인서,마이데이터,확인완료,중소기업 여부 확인,배출량 정보 없음
MD015,C003,성서테크,한국전력공사,전기요금 납부내역,마이데이터,확인완료,전기 자료 보조,kWh 포함 여부 확인 필요 — 탄소 계산 핵심값 아님
MD016,C004,칠곡소재,국세청,사업자등록증명,마이데이터,확인완료,기업 식별,탄소 사용량 정보 없음
MD017,C004,칠곡소재,국세청,부가가치세과세표준증명,마이데이터,확인완료,매출 규모 확인,품목별 에너지 사용량 없음
MD018,C004,칠곡소재,국세청,표준재무제표증명,마이데이터,확인완료,재무정보 확인,은행 내부 여신 데이터와 별도 연동 필요
MD019,C004,칠곡소재,중소벤처기업부,중소기업확인서,마이데이터,확인완료,중소기업 여부 확인,배출량 정보 없음
MD020,C004,칠곡소재,한국전력공사,전기요금 납부내역,마이데이터,확인완료,전기 자료 보조,kWh 포함 여부 확인 필요 — 탄소 계산 핵심값 아님
MD021,C005,포항이엔지,국세청,사업자등록증명,마이데이터,확인완료,기업 식별,탄소 사용량 정보 없음
MD022,C005,포항이엔지,국세청,부가가치세과세표준증명,마이데이터,확인완료,매출 규모 확인,품목별 에너지 사용량 없음
MD023,C005,포항이엔지,국세청,표준재무제표증명,마이데이터,확인완료,재무정보 확인,은행 내부 여신 데이터와 별도 연동 필요
MD024,C005,포항이엔지,중소벤처기업부,중소기업확인서,마이데이터,확인완료,중소기업 여부 확인,배출량 정보 없음
MD025,C005,포항이엔지,한국전력공사,전기요금 납부내역,마이데이터,확인완료,전기 자료 보조,kWh 포함 여부 확인 필요 — 탄소 계산 핵심값 아님
MD026,C006,대구정공,국세청,사업자등록증명,마이데이터,확인완료,기업 식별,탄소 사용량 정보 없음
MD027,C006,대구정공,국세청,부가가치세과세표준증명,마이데이터,확인완료,매출 규모 확인,품목별 에너지 사용량 없음
MD028,C006,대구정공,국세청,표준재무제표증명,마이데이터,확인완료,재무정보 확인,은행 내부 여신 데이터와 별도 연동 필요
MD029,C006,대구정공,중소벤처기업부,중소기업확인서,마이데이터,확인완료,중소기업 여부 확인,배출량 정보 없음
MD030,C006,대구정공,한국전력공사,전기요금 납부내역,마이데이터,확인완료,전기 자료 보조,kWh 포함 여부 확인 필요 — 탄소 계산 핵심값 아님
