record_id,company_id,billing_month,usage_kwh,prev_usage_kwh,base_fee_krw,energy_fee_krw,tax_krw,billed_amount_krw,due_date,file_format,file_name
성서테크_2025-01_전기요금고지서,C003,2025-01,4150,4020,328000,371425,99575,720000,2025-02-25,pdf,성서테크_2025-01_전기요금고지서.pdf
성서테크_2025-02_전기요금고지서,C003,2025-02,4320,4150,328000,386640,105360,748000,2025-03-25,jpg,성서테크_2025-02_전기요금고지서.jpg
성서테크_2025-03_전기요금고지서,C003,2025-03,4480,4320,328000,401120,109880,774000,2025-04-25,png,성서테크_2025-03_전기요금고지서.png
성서테크_2025-04_전기요금고지서,C003,2025-04,4600,4480,328000,411700,113300,793000,2025-05-25,pdf,성서테크_2025-04_전기요금고지서.pdf
성서테크_2025-05_전기요금고지서,C003,2025-05,4750,4600,328000,425075,117925,817000,2025-06-25,jpg,성서테크_2025-05_전기요금고지서.jpg
성서테크_2025-06_전기요금고지서,C003,2025-06,5100,4750,328000,456450,127550,872000,2025-07-25,png,성서테크_2025-06_전기요금고지서.png
성서테크_2025-07_전기요금고지서,C003,2025-07,5450,5100,328000,487775,139225,927000,2025-08-25,pdf,성서테크_2025-07_전기요금고지서.pdf
성서테크_2025-08_전기요금고지서,C003,2025-08,5600,5450,328000,501200,141800,951000,2025-09-25,jpg,성서테크_2025-08_전기요금고지서.jpg
성서테크_2025-09_전기요금고지서,C003,2025-09,5050,5600,328000,451975,124025,864000,2025-10-25,png,성서테크_2025-09_전기요금고지서.png
성서테크_2025-10_전기요금고지서,C003,2025-10,4700,5050,328000,420650,110350,809000,2025-11-25,pdf,성서테크_2025-10_전기요금고지서.pdf
성서테크_2025-11_전기요금고지서,C003,2025-11,4900,4700,328000,438550,113450,840000,2025-12-25,jpg,성서테크_2025-11_전기요금고지서.jpg
성서테크_2025-12_전기요금고지서,C003,2025-12,11800,4900,328000,1056100,328900,1928000,2026-01-25,png,성서테크_2025-12_전기요금고지서.png
